time,ret_1,ema_20,ema_50,rsi_14,atr_14,atrp_14,adx_14,vwap,vwap_dist_pct,vol_z_20
2026-03-02T10:33:00-05:00,-0.007584830339321447,nan,nan,nan,nan,nan,nan,0.5034980392156863,-1.2508567511994528,nan
