time,ret_1,ema_20,ema_50,rsi_14,atr_14,atrp_14,adx_14,vwap,vwap_dist_pct,vol_z_20
2026-02-20T09:15:00-05:00,0.0014556040756914523,nan,nan,nan,nan,nan,nan,6.874460966542751,0.08057407677790338,nan
