time,ret_1,ema_20,ema_50,rsi_14,atr_14,atrp_14,adx_14,vwap,vwap_dist_pct,vol_z_20
2026-02-27T10:56:00-05:00,-0.0006885570426474752,nan,nan,nan,nan,nan,nan,116.13056236080178,-0.022011742888450567,nan
