{
  "base": 0.25083969029809833,
  "momentum": 0.2482492792724233,
  "reversion": 0.24883006084274578,
  "vol_adj": 0.25208096958673265
}