time,ret_1,ema_20,ema_50,rsi_14,atr_14,atrp_14,adx_14,vwap,vwap_dist_pct,vol_z_20
2026-03-02T10:23:00-05:00,-0.004235493434985083,nan,nan,nan,nan,nan,nan,11.782105672105674,-0.23005796128485057,nan
