time,ret_1,ema_20,ema_50,rsi_14,atr_14,atrp_14,adx_14,vwap,vwap_dist_pct,vol_z_20
2026-03-02T10:23:00-05:00,-0.0015837820715869366,nan,nan,nan,nan,nan,nan,62.99373725934314,0.07344022226589768,nan
