time,ret_1,ema_20,ema_50,rsi_14,atr_14,atrp_14,adx_14,vwap,vwap_dist_pct,vol_z_20
2026-02-27T14:32:00-05:00,-0.0037664783427494575,nan,nan,nan,nan,nan,nan,2.657373037857802,-0.4656116277817094,nan
