time,ret_1,ema_20,ema_50,rsi_14,atr_14,atrp_14,adx_14,vwap,vwap_dist_pct,vol_z_20
2026-02-20T09:01:00-05:00,-0.006719609040928498,nan,nan,nan,nan,nan,nan,16.365537602627256,-0.6448770898324304,nan
