time,ret_1,ema_20,ema_50,rsi_14,atr_14,atrp_14,adx_14,vwap,vwap_dist_pct,vol_z_20
2026-02-20T09:11:00-05:00,-0.0008403361344537785,nan,nan,nan,nan,nan,nan,11.894444444444444,-0.03736571695468498,nan
