time,ret_1,ema_20,ema_50,rsi_14,atr_14,atrp_14,adx_14,vwap,vwap_dist_pct,vol_z_20
2026-02-27T14:36:00-05:00,0.002178649237472907,nan,nan,nan,nan,nan,nan,11.498298241882885,0.014800086772109373,nan
