time,ret_1,ema_20,ema_50,rsi_14,atr_14,atrp_14,adx_14,vwap,vwap_dist_pct,vol_z_20
2026-02-26T14:00:00-05:00,-0.0032679738562092497,nan,nan,nan,nan,nan,nan,1.4649207451847177,4.101194894861467,nan
