time,ret_1,ema_20,ema_50,rsi_14,atr_14,atrp_14,adx_14,vwap,vwap_dist_pct,vol_z_20
2026-02-27T14:12:00-05:00,-0.0004118616144975773,nan,nan,nan,nan,nan,nan,24.14498933190174,0.5177499413225574,nan
