time,ret_1,ema_20,ema_50,rsi_14,atr_14,atrp_14,adx_14,vwap,vwap_dist_pct,vol_z_20
2026-02-27T14:12:00-05:00,0.008526187576126665,nan,nan,nan,nan,nan,nan,37.65514362096301,-1.049374887374035,nan
