time,ret_1,ema_20,ema_50,rsi_14,atr_14,atrp_14,adx_14,vwap,vwap_dist_pct,vol_z_20
2026-02-20T15:52:00-05:00,0.014867905658804803,nan,nan,nan,nan,nan,nan,608.2344185932867,0.10449612637562677,nan
