time,ret_1,ema_20,ema_50,rsi_14,atr_14,atrp_14,adx_14,vwap,vwap_dist_pct,vol_z_20
2026-03-02T10:01:00-05:00,0.0022555738700442696,nan,nan,nan,nan,nan,nan,115.12611111111111,0.35082301051503684,nan
